after_training_task,average_accuracy,test_on_task_3,test_on_task_4

3,0.547468364238739,0.547468364238739

4,0.5419303774833679,0.547468364238739,0.5363923907279968
