after_training_task,average_classification_loss,test_on_task_3,test_on_task_4

3,2.0009191036224365,2.0009191036224365

4,2.0114200115203857,2.0009191036224365,2.021920919418335
