after_training_task,average_accuracy,test_on_task_3,test_on_task_4
3,0.9581685066223145,0.9581685066223145
4,0.9444719552993774,0.9378955960273743,0.9510482549667358
