after_training_task,average_classification_loss,test_on_task_3,test_on_task_4
3,0.13946914672851562,0.13946914672851562
4,0.17851850390434265,0.19692297279834747,0.16011404991149902
