after_training_task,average_accuracy,test_on_task_3,test_on_task_4
3,0.9979166388511658,0.9979166388511658
4,0.9967447519302368,0.9973958134651184,0.99609375
