after_training_task,average_classification_loss,test_on_task_3,test_on_task_4
3,0.007689523510634899,0.007689523510634899
4,0.00849979743361473,0.00907482672482729,0.007924769073724747
